,trip_distance_id,trip_distance
0,0,2.5
1,1,2.9
2,2,19.98
3,3,10.78
4,4,30.43
5,5,5.92
6,6,5.72
7,7,6.2
8,8,0.7
9,9,7.18
10,10,0.54
11,11,1.7
12,12,1.1
13,13,2.1
14,14,8.54
15,15,2.0
16,16,3.2
17,17,1.59
18,18,16.81
19,19,0.5
20,20,0.6
21,21,9.9
22,22,0.8
23,23,0.49
24,24,5.31
25,25,3.5
26,26,9.14
27,27,2.17
28,28,18.03
29,29,1.0
30,30,11.53
31,31,4.26
32,32,2.66
33,33,2.4
34,34,3.7
35,35,1.3
36,36,9.2
37,37,0.79
38,38,0.95
39,39,6.9
40,40,3.11
41,41,3.8
42,42,2.8
43,43,1.21
44,44,1.31
45,45,2.7
46,46,5.39
47,47,2.82
48,48,2.07
49,49,7.7
50,50,5.1
51,51,3.34
52,52,2.69
53,53,0.71
54,54,1.42
55,55,4.28
56,56,1.84
57,57,3.95
58,58,3.65
59,59,9.46
60,60,0.48
61,61,19.35
62,62,11.25
63,63,2.2
64,64,4.65
65,65,1.8
66,66,10.34
67,67,6.8
68,68,1.4
69,69,6.3
70,70,5.52
71,71,3.4
72,72,9.79
73,73,1.04
74,74,10.2
75,75,2.54
76,76,1.32
77,77,1.51
78,78,1.16
79,79,0.89
80,80,7.06
81,81,5.57
82,82,0.99
83,83,2.81
84,84,2.45
85,85,2.61
86,86,0.73
87,87,1.92
88,88,3.25
89,89,4.83
90,90,2.46
91,91,2.85
92,92,4.33
93,93,5.06
94,94,9.5
95,95,0.55
96,96,1.5
97,97,1.2
98,98,5.4
99,99,1.43
100,100,2.99
101,101,0.46
102,102,2.91
103,103,0.9
104,104,4.76
105,105,4.51
106,106,2.3
107,107,5.66
108,108,1.47
109,109,18.34
110,110,1.74
111,111,20.2
112,112,3.37
113,113,18.95
114,114,3.32
115,115,3.9
116,116,0.2
117,117,7.91
118,118,10.0
119,119,1.07
120,120,9.1
121,121,18.9
122,122,0.58
123,123,2.59
124,124,5.98
125,125,0.42
126,126,9.55
127,127,0.35
128,128,8.97
129,129,3.49
130,130,1.53
131,131,3.77
132,132,1.65
133,133,1.96
134,134,1.6
135,135,5.14
136,136,2.51
137,137,18.3
138,138,3.3
139,139,0.93
140,140,3.22
141,141,2.23
142,142,4.44
143,143,11.43
144,144,1.37
145,145,2.38
146,146,1.91
147,147,2.31
148,148,1.33
149,149,4.09
150,150,4.14
151,151,6.94
152,152,0.92
153,153,2.36
154,154,1.56
155,155,2.19
156,156,3.87
157,157,1.13
158,158,1.19
159,159,1.22
160,160,1.03
161,161,0.85
162,162,4.94
163,163,1.15
164,164,2.77
165,165,2.72
166,166,0.41
167,167,0.75
168,168,1.62
169,169,0.88
170,170,4.84
171,171,0.3
172,172,17.49
173,173,1.63
174,174,1.02
175,175,3.17
176,176,11.15
177,177,12.59
178,178,2.67
179,179,0.83
180,180,0.53
181,181,18.04
182,182,3.28
183,183,2.05
184,184,0.94
185,185,0.72
186,186,1.18
187,187,1.57
188,188,4.85
189,189,0.56
190,190,2.58
191,191,2.89
192,192,2.55
193,193,0.61
194,194,1.06
195,195,1.26
196,196,3.05
197,197,12.92
198,198,1.28
199,199,2.01
200,200,5.54
201,201,0.86
202,202,15.18
203,203,3.14
204,204,3.13
205,205,2.94
206,206,4.79
207,207,2.53
208,208,2.02
209,209,4.21
210,210,0.67
211,211,6.38
212,212,1.08
213,213,7.4
214,214,1.29
215,215,1.41
216,216,1.34
217,217,7.45
218,218,5.59
219,219,2.04
220,220,1.36
221,221,3.62
222,222,0.77
223,223,1.12
224,224,2.44
225,225,3.38
226,226,10.17
227,227,1.23
228,228,4.19
229,229,2.28
230,230,3.54
231,231,2.09
232,232,1.95
233,233,2.08
234,234,10.42
235,235,5.83
236,236,1.78
237,237,6.05
238,238,1.09
239,239,17.43
240,240,4.6
241,241,0.84
242,242,2.62
243,243,3.79
244,244,1.93
245,245,1.97
246,246,0.74
247,247,6.71
248,248,4.66
249,249,13.28
250,250,6.81
251,251,1.44
252,252,3.08
253,253,3.91
254,254,6.24
255,255,16.28
256,256,0.01
257,257,0.0
258,258,4.29
259,259,2.64
260,260,1.66
261,261,0.59
262,262,2.39
263,263,10.29
264,264,8.81
265,265,5.16
266,266,2.49
267,267,0.82
268,268,0.97
269,269,1.11
270,270,6.75
271,271,8.17
272,272,0.39
273,273,1.46
274,274,2.76
275,275,4.05
276,276,5.51
277,277,3.57
278,278,2.88
279,279,0.87
280,280,0.43
281,281,0.52
282,282,1.25
283,283,0.69
284,284,1.17
285,285,1.99
286,286,18.85
287,287,2.16
288,288,2.56
289,289,6.03
290,290,8.35
291,291,17.17
292,292,19.57
293,293,3.06
294,294,2.43
295,295,9.7
296,296,0.02
297,297,4.81
298,298,17.47
299,299,1.61
300,300,3.03
301,301,5.56
302,302,3.85
303,303,2.13
304,304,8.91
305,305,7.82
306,306,9.66
307,307,1.69
308,308,0.65
309,309,4.75
310,310,2.87
311,311,2.34
312,312,2.14
313,313,22.0
314,314,4.69
315,315,13.27
316,316,2.15
317,317,1.81
318,318,0.81
319,319,3.1
320,320,18.67
321,321,18.05
322,322,8.74
323,323,12.76
324,324,1.27
325,325,4.63
326,326,3.35
327,327,3.52
328,328,2.12
329,329,1.73
330,330,1.05
331,331,2.22
332,332,5.32
333,333,3.68
334,334,1.87
335,335,3.02
336,336,1.54
337,337,6.5
338,338,4.1
339,339,6.53
340,340,20.6
341,341,2.35
342,342,2.79
343,343,18.23
344,344,1.48
345,345,3.82
346,346,8.95
347,347,1.49
348,348,1.24
349,349,2.78
350,350,1.01
351,351,0.04
352,352,4.56
353,353,2.03
354,354,2.33
355,355,1.88
356,356,0.64
357,357,18.81
358,358,17.36
359,359,5.5
360,360,2.41
361,361,0.98
362,362,2.75
363,363,3.94
364,364,5.02
365,365,0.68
366,366,3.67
367,367,4.4
368,368,4.92
369,369,3.29
370,370,14.76
371,371,12.39
372,372,5.78
373,373,6.76
374,374,5.13
375,375,0.96
376,376,2.95
377,377,4.2
378,378,2.68
379,379,13.92
380,380,19.02
381,381,6.36
382,382,2.11
383,383,1.55
384,384,2.29
385,385,6.72
386,386,4.97
387,387,17.83
388,388,16.3
389,389,2.52
390,390,8.46
391,391,3.45
392,392,0.91
393,393,17.89
394,394,17.18
395,395,5.36
396,396,3.81
397,397,7.11
398,398,17.56
399,399,1.79
400,400,2.86
401,401,1.89
402,402,8.1
403,403,0.76
404,404,17.38
405,405,4.0
406,406,2.71
407,407,0.63
408,408,3.66
409,409,0.44
410,410,3.09
411,411,12.25
412,412,9.07
413,413,19.47
414,414,12.55
415,415,0.62
416,416,11.27
417,417,0.45
418,418,2.84
419,419,6.37
420,420,7.37
421,421,4.68
422,422,1.35
423,423,7.01
424,424,6.39
425,425,0.25
426,426,4.24
427,427,1.72
428,428,1.9
429,429,0.66
430,430,9.49
431,431,2.18
432,432,5.68
433,433,3.18
434,434,2.97
435,435,10.88
436,436,10.75
437,437,11.22
438,438,7.42
439,439,2.48
440,440,16.75
441,441,18.98
442,442,4.37
443,443,3.04
444,444,4.43
445,445,1.58
446,446,15.79
447,447,3.97
448,448,12.75
449,449,5.96
450,450,2.74
451,451,3.42
452,452,4.03
453,453,1.14
454,454,4.31
455,455,4.7
456,456,10.74
457,457,1.64
458,458,16.27
459,459,7.41
460,460,3.15
461,461,1.98
462,462,0.47
463,463,8.44
464,464,3.07
465,465,2.42
466,466,20.3
467,467,1.86
468,468,3.01
469,469,2.37
470,470,4.91
471,471,1.67
472,472,9.22
473,473,12.05
474,474,3.31
475,475,2.65
476,476,7.53
477,477,2.73
478,478,2.83
479,479,2.25
480,480,1.83
481,481,0.78
482,482,5.99
483,483,4.87
484,484,2.47
485,485,4.88
486,486,2.21
487,487,10.93
488,488,9.09
489,489,4.9
490,490,2.96
491,491,1.71
492,492,2.06
493,493,6.79
494,494,18.24
495,495,2.6
496,496,12.54
497,497,4.23
498,498,1.77
499,499,10.26
500,500,11.38
501,501,2.26
502,502,3.84
503,503,5.77
504,504,5.17
505,505,5.97
506,506,17.77
507,507,10.28
508,508,6.14
509,509,2.93
510,510,4.58
511,511,4.17
512,512,1.75
513,513,3.23
514,514,1.76
515,515,3.53
516,516,1.39
517,517,2.24
518,518,3.44
519,519,7.5
520,520,2.57
521,521,3.98
522,522,18.79
523,523,6.17
524,524,10.65
525,525,17.6
526,526,5.61
527,527,0.37
528,528,4.02
529,529,1.52
530,530,20.89
531,531,8.78
532,532,16.68
533,533,1.82
534,534,3.12
535,535,2.92
536,536,0.57
537,537,0.31
538,538,1.85
539,539,0.51
540,540,19.71
541,541,10.61
542,542,18.64
543,543,3.6
544,544,4.8
545,545,22.75
546,546,6.35
547,547,13.3
548,548,1.38
549,549,11.06
550,550,16.53
551,551,4.64
552,552,3.21
553,553,3.93
554,554,12.6
555,555,0.24
556,556,10.55
557,557,12.07
558,558,13.45
559,559,11.59
560,560,6.58
561,561,5.35
562,562,4.77
563,563,6.43
564,564,3.99
565,565,8.2
566,566,11.12
567,567,12.93
568,568,11.19
569,569,8.19
570,570,3.16
571,571,19.17
572,572,3.71
573,573,5.2
574,574,13.09
575,575,5.79
576,576,3.55
577,577,17.82
578,578,6.04
579,579,8.71
580,580,9.47
581,581,12.33
582,582,10.52
583,583,7.75
584,584,5.29
585,585,6.31
586,586,6.89
587,587,2.98
588,588,10.03
589,589,3.58
590,590,5.89
591,591,1.68
592,592,22.56
593,593,5.24
594,594,12.24
595,595,16.64
596,596,0.18
597,597,0.36
598,598,3.47
599,599,13.38
600,600,4.72
601,601,14.87
602,602,4.27
603,603,12.3
604,604,11.46
605,605,8.77
606,606,3.61
607,607,5.08
608,608,6.23
609,609,11.75
610,610,4.74
611,611,3.24
612,612,3.36
613,613,11.96
614,614,3.96
615,615,4.39
616,616,4.46
617,617,11.79
618,618,5.23
619,619,9.93
620,620,4.59
621,621,8.66
622,622,5.27
623,623,8.57
624,624,9.24
625,625,11.54
626,626,2.32
627,627,2.27
628,628,5.55
629,629,7.47
630,630,5.3
631,631,6.82
632,632,6.06
633,633,3.63
634,634,10.06
635,635,12.69
636,636,3.78
637,637,8.89
638,638,5.0
639,639,9.67
640,640,7.73
641,641,7.21
642,642,4.48
643,643,8.65
644,644,5.05
645,645,4.32
646,646,3.26
647,647,3.86
648,648,7.67
649,649,7.49
650,650,4.04
651,651,2.63
652,652,14.98
653,653,0.29
654,654,5.26
655,655,18.11
656,656,3.88
657,657,5.62
658,658,6.69
659,659,3.27
660,660,5.03
661,661,5.37
662,662,4.61
663,663,9.16
664,664,4.07
665,665,14.1
666,666,17.04
667,667,13.79
668,668,15.81
669,669,13.01
670,670,9.48
671,671,26.27
672,672,5.43
673,673,3.56
674,674,8.04
675,675,4.47
676,676,6.29
677,677,9.06
678,678,21.04
679,679,9.05
680,680,0.38
681,681,1.45
682,682,7.87
683,683,18.31
684,684,3.19
685,685,8.6
686,686,9.08
687,687,8.23
688,688,9.26
689,689,5.18
690,690,6.16
691,691,16.94
692,692,9.4
693,693,16.62
694,694,3.0
695,695,4.22
696,696,11.4
697,697,6.95
698,698,7.24
699,699,0.32
700,700,18.54
701,701,9.98
702,702,10.6
703,703,19.28
704,704,19.43
705,705,3.64
706,706,5.34
707,707,17.34
708,708,4.41
709,709,12.1
710,710,11.93
711,711,0.16
712,712,4.49
713,713,6.88
714,714,10.94
715,715,18.41
716,716,5.76
717,717,6.34
718,718,5.45
719,719,11.31
720,720,6.26
721,721,8.55
722,722,18.44
723,723,16.85
724,724,18.29
725,725,8.05
726,726,6.7
727,727,9.37
728,728,13.5
729,729,3.74
730,730,6.85
731,731,3.41
732,732,4.67
733,733,17.1
734,734,8.98
735,735,6.48
736,736,18.36
737,737,7.08
738,738,16.49
739,739,20.54
740,740,9.82
741,741,18.22
742,742,8.11
743,743,5.7
744,744,7.89
745,745,5.07
746,746,11.16
747,747,10.37
748,748,0.4
749,749,3.73
750,750,8.85
751,751,4.15
752,752,18.97
753,753,6.12
754,754,6.08
755,755,1.94
756,756,6.99
757,757,8.87
758,758,20.67
759,759,10.27
760,760,12.9
761,761,19.69
762,762,4.78
763,763,7.74
764,764,3.59
765,765,8.58
766,766,4.5
767,767,3.39
768,768,9.73
769,769,6.57
770,770,3.51
771,771,18.06
772,772,29.32
773,773,5.95
774,774,7.64
775,775,6.32
776,776,12.44
777,777,6.98
778,778,16.77
779,779,3.92
780,780,19.64
781,781,12.74
782,782,17.39
783,783,3.46
784,784,16.7
785,785,11.98
786,786,5.49
787,787,6.51
788,788,8.86
789,789,4.01
790,790,5.58
791,791,3.33
792,792,6.55
793,793,18.17
794,794,12.91
795,795,17.58
796,796,6.25
797,797,8.14
798,798,0.26
799,799,10.64
800,800,3.89
801,801,9.54
802,802,17.07
803,803,6.62
804,804,3.48
805,805,7.12
806,806,11.82
807,807,7.25
808,808,11.18
809,809,23.86
810,810,6.13
811,811,20.58
812,812,25.82
813,813,25.21
814,814,8.63
815,815,17.42
816,816,22.15
817,817,0.34
818,818,13.64
819,819,4.12
820,820,4.55
821,821,21.01
822,822,10.48
823,823,6.4
824,824,10.8
825,825,11.03
826,826,4.45
827,827,5.01
828,828,4.95
829,829,4.11
830,830,11.72
831,831,17.85
832,832,3.69
833,833,17.32
834,834,11.01
835,835,5.04
836,836,5.09
837,837,21.83
838,838,4.16
839,839,10.02
840,840,4.99
841,841,5.64
842,842,11.66
843,843,17.66
844,844,6.01
845,845,0.17
846,846,7.83
847,847,5.15
848,848,5.8
849,849,9.02
850,850,14.24
851,851,5.47
852,852,19.39
853,853,19.54
854,854,4.36
855,855,13.97
856,856,7.56
857,857,12.34
858,858,5.91
859,859,7.65
860,860,4.73
861,861,10.47
862,862,5.19
863,863,6.27
864,864,9.17
865,865,6.07
866,866,17.78
867,867,8.72
868,868,17.06
869,869,4.34
870,870,4.62
871,871,8.28
872,872,7.43
873,873,6.67
874,874,10.41
875,875,8.02
876,876,4.38
877,877,0.27
878,878,13.73
879,879,4.06
880,880,0.33
881,881,9.01
882,882,11.2
883,883,15.5
884,884,19.36
885,885,9.34
886,886,14.25
887,887,7.14
888,888,7.98
889,889,0.07
890,890,8.0
891,891,3.75
892,892,5.6
893,893,9.81
894,894,11.7
895,895,15.57
896,896,8.42
897,897,5.25
898,898,12.64
899,899,13.87
900,900,16.45
901,901,10.85
902,902,6.1
903,903,6.73
904,904,13.42
905,905,6.45
906,906,0.05
907,907,11.23
908,908,17.8
909,909,11.73
910,910,20.38
911,911,11.07
912,912,14.65
913,913,8.45
914,914,4.52
915,915,19.99
916,916,10.97
917,917,6.84
918,918,8.53
919,919,5.9
920,920,7.22
921,921,18.18
922,922,12.37
923,923,29.22
924,924,9.84
925,925,7.35
926,926,5.38
927,927,5.74
928,928,11.24
929,929,19.6
930,930,13.35
931,931,10.18
932,932,8.51
933,933,9.19
934,934,16.39
935,935,16.78
936,936,7.62
937,937,19.24
938,938,4.53
939,939,16.21
940,940,5.22
941,941,16.98
942,942,11.58
943,943,4.96
944,944,0.08
945,945,9.74
946,946,16.9
947,947,12.11
948,948,17.99
949,949,6.0
950,950,21.24
951,951,19.59
952,952,8.82
953,953,7.03
954,954,19.88
955,955,7.16
956,956,14.32
957,957,10.69
958,958,8.96
959,959,18.15
960,960,8.26
961,961,8.09
962,962,5.86
963,963,10.79
964,964,18.32
965,965,8.29
966,966,20.35
967,967,10.38
968,968,3.43
969,969,6.44
970,970,7.15
971,971,9.53
972,972,6.21
973,973,7.32
974,974,6.49
975,975,19.44
976,976,8.01
977,977,8.15
978,978,10.46
979,979,18.74
980,980,17.4
981,981,17.14
982,982,4.08
983,983,29.3
984,984,8.9
985,985,12.09
986,986,6.96
987,987,3.76
988,988,18.49
989,989,19.65
990,990,19.27
991,991,4.54
992,992,4.98
993,993,14.33
994,994,4.82
995,995,7.3
996,996,10.3
997,997,9.42
998,998,21.4
999,999,4.25
1000,1000,17.62
1001,1001,7.07
1002,1002,10.49
1003,1003,5.67
1004,1004,10.95
1005,1005,12.45
1006,1006,5.84
1007,1007,8.16
1008,1008,7.17
1009,1009,4.3
1010,1010,10.91
1011,1011,18.19
1012,1012,13.93
1013,1013,17.73
1014,1014,11.3
1015,1015,9.94
1016,1016,9.21
1017,1017,7.44
1018,1018,12.36
1019,1019,17.44
1020,1020,7.77
1021,1021,6.66
1022,1022,10.16
1023,1023,12.42
1024,1024,16.86
1025,1025,44.49
1026,1026,15.46
1027,1027,5.11
1028,1028,6.78
1029,1029,20.53
1030,1030,10.13
1031,1031,8.79
1032,1032,19.97
1033,1033,6.02
1034,1034,19.49
1035,1035,21.46
1036,1036,7.31
1037,1037,9.29
1038,1038,12.62
1039,1039,3.72
1040,1040,9.0
1041,1041,0.23
1042,1042,22.78
1043,1043,8.36
1044,1044,10.35
1045,1045,5.41
1046,1046,5.81
1047,1047,9.36
1048,1048,12.88
1049,1049,11.08
1050,1050,9.13
1051,1051,5.69
1052,1052,7.57
1053,1053,11.28
1054,1054,6.18
1055,1055,4.89
1056,1056,5.65
1057,1057,5.63
1058,1058,19.32
1059,1059,9.87
1060,1060,0.03
1061,1061,21.2
1062,1062,8.64
1063,1063,14.69
1064,1064,10.81
1065,1065,17.55
1066,1066,6.68
1067,1067,6.09
1068,1068,9.86
1069,1069,6.65
1070,1070,12.87
1071,1071,5.21
1072,1072,9.6
1073,1073,8.22
1074,1074,12.04
1075,1075,17.45
1076,1076,20.78
1077,1077,21.03
1078,1078,8.03
1079,1079,8.3
1080,1080,3.83
1081,1081,6.15
1082,1082,9.52
1083,1083,10.99
1084,1084,10.54
1085,1085,10.32
1086,1086,9.8
1087,1087,6.46
1088,1088,15.48
1089,1089,7.27
1090,1090,10.71
1091,1091,12.48
1092,1092,8.12
1093,1093,13.13
1094,1094,17.61
1095,1095,4.71
1096,1096,10.83
1097,1097,19.85
1098,1098,18.71
1099,1099,21.28
1100,1100,14.64
1101,1101,0.28
1102,1102,12.71
1103,1103,18.14
1104,1104,0.22
1105,1105,19.86
1106,1106,11.0
1107,1107,17.46
1108,1108,16.2
1109,1109,17.09
1110,1110,7.52
1111,1111,7.76
1112,1112,8.56
1113,1113,6.54
1114,1114,7.61
1115,1115,4.35
1116,1116,14.18
1117,1117,6.22
1118,1118,9.3
1119,1119,6.52
1120,1120,9.39
1121,1121,6.19
1122,1122,14.56
1123,1123,28.2
1124,1124,9.31
1125,1125,18.89
1126,1126,20.5
1127,1127,12.06
1128,1128,9.41
1129,1129,4.57
1130,1130,7.13
1131,1131,16.41
1132,1132,20.84
1133,1133,9.64
1134,1134,7.86
1135,1135,18.45
1136,1136,8.25
1137,1137,7.96
1138,1138,19.11
1139,1139,18.57
1140,1140,9.85
1141,1141,18.69
1142,1142,21.63
1143,1143,12.84
1144,1144,7.39
1145,1145,9.18
1146,1146,0.1
1147,1147,12.79
1148,1148,13.55
1149,1149,8.62
1150,1150,10.19
1151,1151,0.11
1152,1152,22.65
1153,1153,7.93
1154,1154,7.94
1155,1155,4.93
1156,1156,8.92
1157,1157,17.71
1158,1158,18.84
1159,1159,12.98
1160,1160,43.65
1161,1161,15.03
1162,1162,8.31
1163,1163,9.45
1164,1164,17.69
1165,1165,8.06
1166,1166,8.69
1167,1167,16.91
1168,1168,4.42
1169,1169,11.34
1170,1170,14.57
1171,1171,5.82
1172,1172,14.72
1173,1173,8.21
1174,1174,10.45
1175,1175,0.19
1176,1176,9.35
1177,1177,17.15
1178,1178,20.32
1179,1179,7.78
1180,1180,8.34
1181,1181,11.29
1182,1182,16.23
1183,1183,12.85
1184,1184,8.59
1185,1185,9.11
1186,1186,13.71
1187,1187,10.62
1188,1188,19.45
1189,1189,6.42
1190,1190,18.75
1191,1191,14.12
1192,1192,16.76
1193,1193,8.68
1194,1194,9.83
1195,1195,6.86
1196,1196,9.23
1197,1197,10.57
1198,1198,7.69
1199,1199,10.96
1200,1200,16.54
1201,1201,6.64
1202,1202,13.72
1203,1203,4.13
1204,1204,18.5
1205,1205,10.4
1206,1206,45.68
1207,1207,16.88
1208,1208,17.53
1209,1209,13.62
1210,1210,16.16
1211,1211,6.6
1212,1212,12.86
1213,1213,9.04
1214,1214,13.23
1215,1215,0.06
1216,1216,0.13
1217,1217,10.9
1218,1218,9.51
1219,1219,10.09
1220,1220,19.31
1221,1221,7.9
1222,1222,7.46
1223,1223,9.44
1224,1224,5.71
1225,1225,6.41
1226,1226,16.74
1227,1227,11.04
1228,1228,17.81
1229,1229,10.56
1230,1230,12.53
1231,1231,12.14
1232,1232,10.36
1233,1233,11.36
1234,1234,11.57
1235,1235,13.29
1236,1236,17.0
1237,1237,10.89
1238,1238,15.08
1239,1239,11.33
1240,1240,8.18
1241,1241,5.93
1242,1242,7.8
1243,1243,17.52
1244,1244,10.86
1245,1245,8.38
1246,1246,13.54
1247,1247,8.37
1248,1248,0.15
1249,1249,7.68
1250,1250,7.97
1251,1251,20.1
1252,1252,5.12
1253,1253,7.51
1254,1254,6.56
1255,1255,17.26
1256,1256,9.69
1257,1257,20.02
1258,1258,21.76
1259,1259,17.37
1260,1260,8.08
1261,1261,11.55
1262,1262,10.84
1263,1263,19.4
1264,1264,18.39
1265,1265,19.04
1266,1266,12.0
1267,1267,5.33
1268,1268,20.99
1269,1269,20.68
1270,1270,21.16
1271,1271,10.77
1272,1272,7.71
1273,1273,8.99
1274,1274,22.35
1275,1275,16.5
1276,1276,12.16
1277,1277,12.28
1278,1278,7.04
1279,1279,6.33
1280,1280,13.57
1281,1281,6.61
1282,1282,0.21
1283,1283,12.13
1284,1284,6.77
1285,1285,18.08
1286,1286,15.19
1287,1287,10.98
1288,1288,12.99
1289,1289,8.41
1290,1290,40.27
1291,1291,4.86
1292,1292,17.35
1293,1293,13.03
1294,1294,9.76
1295,1295,7.66
1296,1296,11.48
1297,1297,13.39
1298,1298,15.98
1299,1299,11.6
1300,1300,8.48
1301,1301,18.52
1302,1302,17.91
1303,1303,14.44
1304,1304,16.47
1305,1305,20.56
1306,1306,14.27
1307,1307,9.32
1308,1308,11.35
1309,1309,8.33
1310,1310,7.29
1311,1311,6.92
1312,1312,9.27
1313,1313,12.8
1314,1314,19.08
1315,1315,7.48
1316,1316,7.58
1317,1317,11.69
1318,1318,11.52
1319,1319,6.91
1320,1320,10.04
1321,1321,17.63
1322,1322,7.05
1323,1323,7.33
1324,1324,21.72
1325,1325,22.23
1326,1326,17.31
1327,1327,17.19
1328,1328,25.62
1329,1329,5.75
1330,1330,10.31
1331,1331,4.18
1332,1332,11.45
1333,1333,14.0
1334,1334,12.15
1335,1335,17.94
1336,1336,16.83
1337,1337,7.1
1338,1338,15.17
1339,1339,8.13
1340,1340,12.67
1341,1341,13.17
1342,1342,5.42
1343,1343,14.66
1344,1344,7.54
1345,1345,9.56
1346,1346,11.42
1347,1347,9.78
1348,1348,16.55
1349,1349,8.8
1350,1350,20.21
1351,1351,19.92
1352,1352,7.99
1353,1353,7.0
1354,1354,6.87
1355,1355,9.57
1356,1356,8.61
1357,1357,20.96
1358,1358,15.3
1359,1359,6.93
1360,1360,17.59
1361,1361,11.9
1362,1362,12.17
1363,1363,18.91
1364,1364,19.23
1365,1365,13.74
1366,1366,10.51
1367,1367,15.14
1368,1368,8.07
1369,1369,10.23
1370,1370,5.28
1371,1371,13.44
1372,1372,8.47
1373,1373,6.11
1374,1374,12.41
1375,1375,18.1
1376,1376,8.67
1377,1377,10.68
1378,1378,5.87
1379,1379,10.22
1380,1380,6.83
1381,1381,16.51
1382,1382,21.8
1383,1383,15.62
1384,1384,8.43
1385,1385,35.94
1386,1386,11.1
1387,1387,5.94
1388,1388,15.75
1389,1389,12.29
1390,1390,16.79
1391,1391,12.58
1392,1392,21.33
1393,1393,17.16
1394,1394,9.25
1395,1395,11.17
1396,1396,5.53
1397,1397,7.02
1398,1398,11.92
1399,1399,19.91
1400,1400,11.76
1401,1401,7.19
1402,1402,14.93
1403,1403,11.85
1404,1404,10.87
1405,1405,12.35
1406,1406,9.92
1407,1407,17.24
1408,1408,15.59
1409,1409,9.33
1410,1410,20.26
1411,1411,12.22
1412,1412,16.15
1413,1413,12.4
1414,1414,9.95
1415,1415,19.26
1416,1416,7.84
1417,1417,14.84
1418,1418,12.57
1419,1419,19.22
1420,1420,7.34
1421,1421,13.51
1422,1422,12.7
1423,1423,7.2
1424,1424,14.26
1425,1425,5.44
1426,1426,9.65
1427,1427,27.67
1428,1428,8.76
1429,1429,15.9
1430,1430,11.49
1431,1431,13.34
1432,1432,9.88
1433,1433,6.28
1434,1434,18.16
1435,1435,17.86
1436,1436,19.46
1437,1437,15.69
1438,1438,18.78
1439,1439,10.1
1440,1440,16.46
1441,1441,8.32
1442,1442,16.84
1443,1443,11.44
1444,1444,14.47
1445,1445,11.95
1446,1446,20.28
1447,1447,12.21
1448,1448,20.48
1449,1449,11.97
1450,1450,8.83
1451,1451,13.88
1452,1452,18.01
1453,1453,13.59
1454,1454,17.98
1455,1455,9.68
1456,1456,16.29
1457,1457,11.26
1458,1458,11.32
1459,1459,14.07
1460,1460,14.09
1461,1461,15.11
1462,1462,17.23
1463,1463,16.63
1464,1464,13.2
1465,1465,20.45
1466,1466,11.56
1467,1467,8.52
1468,1468,21.14
1469,1469,10.33
1470,1470,22.17
1471,1471,13.6
1472,1472,16.95
1473,1473,16.03
1474,1474,16.35
1475,1475,17.74
1476,1476,10.76
1477,1477,11.71
1478,1478,13.83
1479,1479,10.21
1480,1480,20.29
1481,1481,7.79
1482,1482,14.04
1483,1483,17.76
1484,1484,22.58
1485,1485,16.32
1486,1486,5.85
1487,1487,13.33
1488,1488,15.38
1489,1489,8.39
1490,1490,18.4
1491,1491,0.09
1492,1492,9.71
1493,1493,11.05
1494,1494,8.5
1495,1495,9.96
1496,1496,19.06
1497,1497,7.38
1498,1498,10.58
1499,1499,7.23
1500,1500,7.88
1501,1501,16.4
1502,1502,13.26
1503,1503,19.67
1504,1504,11.41
1505,1505,6.63
1506,1506,7.59
1507,1507,11.84
1508,1508,16.08
1509,1509,10.7
1510,1510,6.47
1511,1511,18.46
1512,1512,14.41
1513,1513,7.28
1514,1514,20.23
1515,1515,11.51
1516,1516,15.06
1517,1517,17.05
1518,1518,13.46
1519,1519,21.56
1520,1520,13.56
1521,1521,17.79
1522,1522,8.93
1523,1523,12.65
1524,1524,18.13
1525,1525,9.63
1526,1526,26.05
1527,1527,14.62
1528,1528,17.3
1529,1529,19.03
1530,1530,15.27
1531,1531,8.4
1532,1532,21.59
1533,1533,16.72
1534,1534,6.74
1535,1535,9.61
1536,1536,16.66
1537,1537,21.25
1538,1538,14.11
1539,1539,0.12
1540,1540,8.24
1541,1541,12.31
1542,1542,7.85
1543,1543,10.82
1544,1544,17.29
1545,1545,25.32
1546,1546,9.99
1547,1547,21.37
1548,1548,13.66
1549,1549,11.39
1550,1550,10.39
1551,1551,16.97
1552,1552,11.77
1553,1553,17.93
1554,1554,11.62
1555,1555,15.31
1556,1556,11.14
1557,1557,9.28
1558,1558,13.12
1559,1559,7.6
1560,1560,14.51
1561,1561,15.34
1562,1562,15.54
1563,1563,9.75
1564,1564,14.36
1565,1565,18.25
1566,1566,15.07
1567,1567,48.18
1568,1568,8.27
1569,1569,16.92
1570,1570,7.95
1571,1571,11.47
1572,1572,10.66
1573,1573,11.88
1574,1574,20.7
1575,1575,12.43
1576,1576,12.77
1577,1577,12.03
1578,1578,20.49
1579,1579,18.35
1580,1580,16.05
1581,1581,17.51
1582,1582,18.26
1583,1583,6.59
1584,1584,13.47
1585,1585,11.91
1586,1586,5.48
1587,1587,0.14
1588,1588,15.99
1589,1589,13.94
1590,1590,13.02
1591,1591,19.63
1592,1592,14.58
1593,1593,14.28
1594,1594,10.44
1595,1595,13.32
1596,1596,15.2
1597,1597,15.8
1598,1598,14.99
1599,1599,36.25
1600,1600,24.74
1601,1601,8.7
1602,1602,9.12
1603,1603,5.88
1604,1604,21.93
1605,1605,9.62
1606,1606,18.48
1607,1607,12.95
1608,1608,7.72
1609,1609,21.32
1610,1610,14.74
1611,1611,28.64
1612,1612,7.36
1613,1613,21.82
1614,1614,34.95
1615,1615,16.8
1616,1616,19.51
1617,1617,15.66
1618,1618,10.15
1619,1619,18.93
1620,1620,13.16
1621,1621,9.97
1622,1622,12.2
1623,1623,17.41
1624,1624,16.18
1625,1625,15.51
1626,1626,11.11
1627,1627,5.73
1628,1628,13.69
1629,1629,15.01
1630,1630,10.72
1631,1631,15.86
1632,1632,14.59
1633,1633,9.72
1634,1634,10.07
1635,1635,16.44
1636,1636,12.68
1637,1637,16.48
1638,1638,13.22
1639,1639,10.92
1640,1640,10.53
1641,1641,30.13
1642,1642,11.83
1643,1643,9.77
1644,1644,18.99
1645,1645,15.83
1646,1646,11.67
1647,1647,16.37
1648,1648,7.26
1649,1649,11.68
1650,1650,5.46
1651,1651,7.63
1652,1652,9.03
1653,1653,17.28
1654,1654,16.96
1655,1655,14.3
1656,1656,7.09
1657,1657,15.13
1658,1658,19.93
1659,1659,18.82
1660,1660,12.82
1661,1661,26.46
1662,1662,14.22
1663,1663,11.86
1664,1664,12.02
1665,1665,17.9
1666,1666,14.97
1667,1667,19.01
1668,1668,8.88
1669,1669,10.05
1670,1670,11.87
1671,1671,11.78
1672,1672,15.12
1673,1673,8.73
1674,1674,8.75
1675,1675,14.13
1676,1676,7.81
1677,1677,16.57
1678,1678,21.0
1679,1679,10.63
1680,1680,9.38
1681,1681,6.97
1682,1682,14.4
1683,1683,8.94
1684,1684,8.49
1685,1685,21.78
1686,1686,15.0
1687,1687,21.15
1688,1688,18.09
1689,1689,10.25
1690,1690,12.18
1691,1691,16.93
1692,1692,19.84
1693,1693,16.69
1694,1694,13.4
1695,1695,17.54
1696,1696,23.79
1697,1697,11.74
1698,1698,21.45
1699,1699,20.79
1700,1700,13.41
1701,1701,13.49
1702,1702,15.26
1703,1703,18.21
1704,1704,16.11
1705,1705,15.71
1706,1706,11.37
1707,1707,18.63
1708,1708,17.01
1709,1709,20.69
1710,1710,15.53
1711,1711,26.32
1712,1712,11.09
1713,1713,18.47
1714,1714,10.5
1715,1715,20.33
1716,1716,17.08
1717,1717,14.49
1718,1718,23.15
1719,1719,16.1
1720,1720,14.02
1721,1721,25.71
1722,1722,18.92
1723,1723,8.84
1724,1724,9.15
1725,1725,17.25
1726,1726,9.58
1727,1727,21.44
1728,1728,13.05
1729,1729,12.72
1730,1730,13.36
1731,1731,15.88
1732,1732,11.21
1733,1733,20.72
1734,1734,19.56
1735,1735,17.48
1736,1736,9.43
1737,1737,13.77
1738,1738,10.11
1739,1739,10.12
1740,1740,16.24
1741,1741,12.12
1742,1742,18.62
1743,1743,10.08
1744,1744,15.97
1745,1745,9.59
1746,1746,18.12
1747,1747,42.18
1748,1748,12.51
1749,1749,11.99
1750,1750,21.6
1751,1751,11.81
1752,1752,21.22
1753,1753,12.01
1754,1754,16.67
1755,1755,20.8
1756,1756,19.81
1757,1757,12.26
1758,1758,13.78
1759,1759,17.11
1760,1760,14.91
1761,1761,11.02
1762,1762,21.27
1763,1763,9.91
1764,1764,19.75
1765,1765,21.7
1766,1766,16.82
1767,1767,17.27
1768,1768,16.87
1769,1769,24.26
1770,1770,10.67
1771,1771,17.64
1772,1772,15.33
1773,1773,20.09
1774,1774,15.24
1775,1775,16.25
1776,1776,7.55
1777,1777,28.4
1778,1778,15.55
1779,1779,21.9
1780,1780,17.33
1781,1781,14.43
1782,1782,15.74
1783,1783,16.43
1784,1784,32.03
1785,1785,51.27
1786,1786,17.21
1787,1787,15.95
1788,1788,45.56
1789,1789,17.96
1790,1790,17.03
1791,1791,20.41
1792,1792,25.06
1793,1793,10.43
1794,1794,14.34
1795,1795,11.64
1796,1796,12.56
1797,1797,17.02
1798,1798,18.07
1799,1799,19.15
1800,1800,13.04
1801,1801,11.94
1802,1802,11.8
1803,1803,14.88
1804,1804,14.73
1805,1805,24.39
1806,1806,21.55
1807,1807,20.07
1808,1808,22.39
1809,1809,12.94
1810,1810,20.76
1811,1811,17.5
1812,1812,17.97
1813,1813,13.0
1814,1814,15.28
1815,1815,16.58
1816,1816,16.12
1817,1817,27.05
1818,1818,23.69
1819,1819,11.13
1820,1820,22.49
1821,1821,23.14
1822,1822,17.65
1823,1823,10.73
1824,1824,21.31
1825,1825,26.77
1826,1826,14.19
1827,1827,12.96
1828,1828,15.29
1829,1829,17.2
1830,1830,18.43
1831,1831,20.06
1832,1832,21.05
1833,1833,18.88
1834,1834,15.04
1835,1835,16.59
1836,1836,13.19
1837,1837,16.56
1838,1838,13.1
1839,1839,12.19
1840,1840,15.87
1841,1841,20.43
1842,1842,15.94
1843,1843,13.07
1844,1844,19.13
1845,1845,11.63
1846,1846,27.76
1847,1847,23.45
1848,1848,13.58
1849,1849,20.19
1850,1850,10.01
1851,1851,11.5
1852,1852,19.82
1853,1853,18.0
1854,1854,17.67
1855,1855,40.08
1856,1856,16.71
1857,1857,11.65
1858,1858,15.02
1859,1859,17.12
1860,1860,14.03
1861,1861,22.69
1862,1862,12.47
1863,1863,19.19
1864,1864,22.07
1865,1865,16.19
1866,1866,35.19
1867,1867,22.29
1868,1868,21.58
1869,1869,13.85
1870,1870,14.35
1871,1871,12.61
1872,1872,17.68
1873,1873,17.87
1874,1874,15.1
1875,1875,16.42
1876,1876,19.14
1877,1877,18.33
1878,1878,20.05
1879,1879,15.23
1880,1880,9.89
1881,1881,18.83
1882,1882,29.62
1883,1883,25.96
1884,1884,22.51
1885,1885,21.08
1886,1886,16.13
1887,1887,12.83
1888,1888,20.87
1889,1889,13.81
1890,1890,19.09
1891,1891,19.38
1892,1892,14.38
1893,1893,13.67
1894,1894,19.0
1895,1895,16.52
1896,1896,12.97
1897,1897,12.38
1898,1898,16.34
1899,1899,21.73
1900,1900,23.42
1901,1901,19.78
1902,1902,14.45
1903,1903,16.99
1904,1904,18.53
1905,1905,19.55
1906,1906,28.7
1907,1907,13.37
1908,1908,14.6
1909,1909,10.24
1910,1910,24.6
1911,1911,13.31
1912,1912,15.05
1913,1913,31.26
1914,1914,23.0
1915,1915,17.57
1916,1916,16.38
1917,1917,13.24
1918,1918,20.97
1919,1919,19.58
1920,1920,14.89
1921,1921,41.91
1922,1922,16.65
1923,1923,13.9
1924,1924,30.22
1925,1925,20.22
1926,1926,23.94
1927,1927,10.14
1928,1928,28.37
1929,1929,15.72
1930,1930,15.65
1931,1931,32.39
1932,1932,24.55
1933,1933,13.06
1934,1934,49.56
1935,1935,13.68
1936,1936,17.72
1937,1937,20.66
1938,1938,14.95
1939,1939,20.16
1940,1940,22.28
1941,1941,13.43
1942,1942,19.42
1943,1943,16.09
1944,1944,18.59
1945,1945,13.18
1946,1946,21.09
1947,1947,18.58
1948,1948,19.5
1949,1949,22.63
1950,1950,28.31
1951,1951,15.73
1952,1952,12.46
1953,1953,18.02
1954,1954,15.77
1955,1955,24.11
1956,1956,21.88
1957,1957,13.82
1958,1958,20.55
1959,1959,20.71
1960,1960,14.96
1961,1961,14.92
1962,1962,18.68
1963,1963,19.72
1964,1964,20.11
1965,1965,14.78
1966,1966,20.36
1967,1967,12.08
1968,1968,26.64
1969,1969,17.13
1970,1970,17.7
1971,1971,28.14
1972,1972,14.68
1973,1973,13.21
1974,1974,16.89
1975,1975,14.05
1976,1976,13.96
1977,1977,13.15
1978,1978,16.26
1979,1979,15.96
1980,1980,12.23
1981,1981,25.08
1982,1982,18.73
1983,1983,28.0
1984,1984,10.59
1985,1985,28.11
1986,1986,19.37
1987,1987,31.68
1988,1988,22.77
1989,1989,18.86
1990,1990,20.04
1991,1991,12.27
1992,1992,21.69
1993,1993,15.64
1994,1994,17.95
1995,1995,23.16
1996,1996,15.4
1997,1997,19.95
1998,1998,14.17
1999,1999,20.73
2000,2000,18.72
2001,2001,17.92
2002,2002,19.96
2003,2003,19.62
2004,2004,19.68
2005,2005,12.49
2006,2006,18.27
2007,2007,12.5
2008,2008,21.3
2009,2009,21.21
2010,2010,15.36
2011,2011,13.76
2012,2012,20.64
2013,2013,26.42
2014,2014,30.66
2015,2015,17.75
2016,2016,27.02
2017,2017,18.55
2018,2018,13.08
2019,2019,22.06
2020,2020,20.18
2021,2021,20.03
2022,2022,16.31
2023,2023,22.02
2024,2024,20.83
2025,2025,18.8
2026,2026,20.98
2027,2027,12.32
2028,2028,22.53
2029,2029,19.66
2030,2030,18.96
2031,2031,26.25
2032,2032,16.73
2033,2033,15.52
2034,2034,28.71
2035,2035,15.49
2036,2036,11.61
2037,2037,13.91
2038,2038,14.81
2039,2039,16.36
2040,2040,21.18
2041,2041,19.16
2042,2042,16.07
2043,2043,23.71
2044,2044,14.75
2045,2045,13.63
2046,2046,14.06
2047,2047,15.47
2048,2048,25.39
2049,2049,14.71
2050,2050,21.13
2051,2051,14.79
2052,2052,14.86
2053,2053,13.25
2054,2054,15.78
2055,2055,23.53
2056,2056,21.42
2057,2057,19.21
2058,2058,14.39
2059,2059,21.92
2060,2060,26.24
2061,2061,15.43
2062,2062,15.89
2063,2063,22.03
2064,2064,15.93
2065,2065,15.16
2066,2066,12.89
2067,2067,19.2
2068,2068,19.34
2069,2069,24.42
2070,2070,27.57
2071,2071,15.45
2072,2072,26.08
2073,2073,15.09
2074,2074,20.93
2075,2075,21.68
2076,2076,22.95
2077,2077,21.34
2078,2078,14.15
2079,2079,20.25
2080,2080,20.17
2081,2081,18.2
2082,2082,18.6
2083,2083,19.94
2084,2084,23.4
2085,2085,19.9
2086,2086,19.8
2087,2087,18.76
2088,2088,15.25
2089,2089,18.38
2090,2090,21.94
2091,2091,18.7
2092,2092,13.7
2093,2093,32.6
2094,2094,14.9
2095,2095,16.6
2096,2096,14.2
2097,2097,19.05
2098,2098,13.8
2099,2099,14.8
2100,2100,41.55
2101,2101,19.41
2102,2102,18.28
2103,2103,15.85
2104,2104,22.86
2105,2105,27.16
2106,2106,14.5
2107,2107,14.42
2108,2108,27.52
2109,2109,27.68
2110,2110,13.98
2111,2111,18.65
2112,2112,19.89
2113,2113,19.48
2114,2114,20.94
2115,2115,18.61
2116,2116,22.93
2117,2117,27.78
2118,2118,17.88
2119,2119,26.16
2120,2120,25.85
2121,2121,22.48
2122,2122,21.52
2123,2123,21.07
2124,2124,7.92
2125,2125,18.94
2126,2126,19.18
2127,2127,20.34
2128,2128,16.0
2129,2129,12.52
2130,2130,18.87
2131,2131,14.94
2132,2132,14.77
2133,2133,19.52
2134,2134,21.35
2135,2135,23.02
2136,2136,33.11
2137,2137,15.44
2138,2138,47.0
2139,2139,16.04
2140,2140,13.95
2141,2141,22.25
2142,2142,19.73
2143,2143,15.32
2144,2144,16.17
2145,2145,18.51
2146,2146,31.6
2147,2147,23.1
2148,2148,23.72
2149,2149,15.7
2150,2150,22.4
2151,2151,13.53
2152,2152,26.58
2153,2153,20.92
2154,2154,20.44
2155,2155,20.4
2156,2156,15.22
2157,2157,14.67
2158,2158,21.06
2159,2159,33.6
2160,2160,28.5
2161,2161,19.07
2162,2162,20.88
2163,2163,16.22
2164,2164,45.1
2165,2165,15.84
2166,2166,22.44
2167,2167,19.3
2168,2168,22.1
2169,2169,20.62
2170,2170,17.84
2171,2171,14.54
2172,2172,15.37
2173,2173,14.7
2174,2174,160.8
2175,2175,19.33
2176,2176,20.9
2177,2177,19.7
2178,2178,15.6
2179,2179,20.77
2180,2180,19.77
2181,2181,26.9
2182,2182,24.66
2183,2183,20.42
2184,2184,12.63
2185,2185,17.22
2186,2186,13.84
2187,2187,29.18
2188,2188,16.01
2189,2189,22.41
2190,2190,20.24
2191,2191,15.21
2192,2192,28.83
2193,2193,21.53
2194,2194,21.47
2195,2195,21.62
2196,2196,31.55
2197,2197,15.56
2198,2198,20.91
2199,2199,12.73
2200,2200,20.37
2201,2201,25.55
2202,2202,20.0
2203,2203,22.2
2204,2204,20.85
2205,2205,23.9
2206,2206,15.58
2207,2207,21.41
2208,2208,13.99
2209,2209,21.49
2210,2210,14.46
2211,2211,33.76
2212,2212,28.53
2213,2213,20.65
2214,2214,15.42
2215,2215,23.7
2216,2216,22.6
2217,2217,23.2
2218,2218,14.14
2219,2219,18.56
2220,2220,26.38
2221,2221,16.61
2222,2222,19.25
2223,2223,35.1
2224,2224,21.1
2225,2225,28.61
2226,2226,23.33
2227,2227,22.62
2228,2228,24.1
2229,2229,14.55
2230,2230,33.18
2231,2231,19.1
2232,2232,23.49
2233,2233,21.48
2234,2234,21.5
2235,2235,25.67
2236,2236,24.87
2237,2237,22.96
2238,2238,19.12
2239,2239,21.84
2240,2240,20.15
2241,2241,15.76
2242,2242,15.39
2243,2243,21.97
2244,2244,21.02
2245,2245,25.1
2246,2246,28.49
2247,2247,15.82
2248,2248,27.33
2249,2249,21.19
2250,2250,20.57
2251,2251,30.38
2252,2252,21.38
2253,2253,29.15
2254,2254,20.51
2255,2255,19.61
2256,2256,25.01
2257,2257,16.06
2258,2258,25.9
2259,2259,21.12
2260,2260,19.53
2261,2261,20.75
2262,2262,22.7
2263,2263,22.3
2264,2264,38.7
2265,2265,18.66
2266,2266,24.7
2267,2267,20.13
2268,2268,13.11
2269,2269,18.77
2270,2270,21.64
2271,2271,20.82
2272,2272,23.67
2273,2273,55.01
2274,2274,14.37
2275,2275,26.21
2276,2276,15.61
2277,2277,27.95
2278,2278,15.92
2279,2279,28.74
2280,2280,13.61
2281,2281,14.08
2282,2282,27.46
2283,2283,29.5
2284,2284,16.14
2285,2285,20.95
2286,2286,14.31
2287,2287,22.33
2288,2288,24.25
2289,2289,16.33
2290,2290,20.47
2291,2291,11.89
2292,2292,29.99
2293,2293,20.31
2294,2294,26.33
2295,2295,14.83
2296,2296,32.8
2297,2297,26.34
2298,2298,23.38
2299,2299,15.91
2300,2300,21.11
2301,2301,20.63
2302,2302,184.4
